Name,MBID,URL,Image Small,Image
Eminem,b95ce3ff-3d05-4e87-9e01-c97b66af13d4,https://www.last.fm/music/Eminem,https://lastfm.freetls.fastly.net/i/u/34s/2a96cbd8b46e442fc41c2b86b821562f.png,https://lastfm.freetls.fastly.net/i/u/64s/2a96cbd8b46e442fc41c2b86b821562f.png
"Eminem, Rihanna",,"https://www.last.fm/music/Eminem,+Rihanna",,
"Eminem, Juice WRLD",,"https://www.last.fm/music/Eminem,+Juice+WRLD",https://lastfm.freetls.fastly.net/i/u/34s/2a96cbd8b46e442fc41c2b86b821562f.png,https://lastfm.freetls.fastly.net/i/u/64s/2a96cbd8b46e442fc41c2b86b821562f.png
Eminem & Linkin Park,b95ce3ff-3d05-4e87-9e01-c97b66af13d4,https://www.last.fm/music/Eminem+&+Linkin+Park,https://lastfm.freetls.fastly.net/i/u/34s/2a96cbd8b46e442fc41c2b86b821562f.png,https://lastfm.freetls.fastly.net/i/u/64s/2a96cbd8b46e442fc41c2b86b821562f.png
"Eminem, Nate Dogg",,"https://www.last.fm/music/Eminem,+Nate+Dogg",,
"Eminem, Dina Rae",,"https://www.last.fm/music/Eminem,+Dina+Rae",,
"Eminem, Dido",,"https://www.last.fm/music/Eminem,+Dido",,
EminemMusic,,https://www.last.fm/music/EminemMusic,https://lastfm.freetls.fastly.net/i/u/34s/2a96cbd8b46e442fc41c2b86b821562f.png,https://lastfm.freetls.fastly.net/i/u/64s/2a96cbd8b46e442fc41c2b86b821562f.png
"Akon, eminem",,"https://www.last.fm/music/Akon,+eminem",https://lastfm.freetls.fastly.net/i/u/34s/2a96cbd8b46e442fc41c2b86b821562f.png,https://lastfm.freetls.fastly.net/i/u/64s/2a96cbd8b46e442fc41c2b86b821562f.png
"Eminem, White Gold",,"https://www.last.fm/music/Eminem,+White+Gold",,
"Eminem, Skylar Grey",,"https://www.last.fm/music/Eminem,+Skylar+Grey",https://lastfm.freetls.fastly.net/i/u/34s/2a96cbd8b46e442fc41c2b86b821562f.png,https://lastfm.freetls.fastly.net/i/u/64s/2a96cbd8b46e442fc41c2b86b821562f.png
"Eminem, JID",,"https://www.last.fm/music/Eminem,+JID",,
"Eminem, Royce da 5'9""",,"https://www.last.fm/music/Eminem,+Royce+da+5%279%22",,
"Eminem, Joyner Lucas",,"https://www.last.fm/music/Eminem,+Joyner+Lucas",https://lastfm.freetls.fastly.net/i/u/34s/2a96cbd8b46e442fc41c2b86b821562f.png,https://lastfm.freetls.fastly.net/i/u/64s/2a96cbd8b46e442fc41c2b86b821562f.png
Eminem & JID,,https://www.last.fm/music/Eminem+&+JID,,
"Eminem, Dr. Dre",,"https://www.last.fm/music/Eminem,+Dr.+Dre",,
Eminem & White Gold,,https://www.last.fm/music/Eminem+&+White+Gold,https://lastfm.freetls.fastly.net/i/u/34s/2a96cbd8b46e442fc41c2b86b821562f.png,https://lastfm.freetls.fastly.net/i/u/64s/2a96cbd8b46e442fc41c2b86b821562f.png
"Dr. Dre, Eminem",,"https://www.last.fm/music/Dr.+Dre,+Eminem",,
"Eminem, Ed Sheeran",,"https://www.last.fm/music/Eminem,+Ed+Sheeran",,
Eminem & Lil Wayne,b95ce3ff-3d05-4e87-9e01-c97b66af13d4,https://www.last.fm/music/Eminem+&+Lil+Wayne,https://lastfm.freetls.fastly.net/i/u/34s/2a96cbd8b46e442fc41c2b86b821562f.png,https://lastfm.freetls.fastly.net/i/u/64s/2a96cbd8b46e442fc41c2b86b821562f.png
Eminem & Skylar Grey,,https://www.last.fm/music/Eminem+&+Skylar+Grey,,
"Eminem, Big Sean, BabyTron",,"https://www.last.fm/music/Eminem,+Big+Sean,+BabyTron",https://lastfm.freetls.fastly.net/i/u/34s/2a96cbd8b46e442fc41c2b86b821562f.png,https://lastfm.freetls.fastly.net/i/u/64s/2a96cbd8b46e442fc41c2b86b821562f.png
Eminem & Elton John,b95ce3ff-3d05-4e87-9e01-c97b66af13d4,https://www.last.fm/music/Eminem+&+Elton+John,https://lastfm.freetls.fastly.net/i/u/34s/2a96cbd8b46e442fc41c2b86b821562f.png,https://lastfm.freetls.fastly.net/i/u/64s/2a96cbd8b46e442fc41c2b86b821562f.png
Eminem & Nate Dogg,b95ce3ff-3d05-4e87-9e01-c97b66af13d4,https://www.last.fm/music/Eminem+&+Nate+Dogg,https://lastfm.freetls.fastly.net/i/u/34s/2a96cbd8b46e442fc41c2b86b821562f.png,https://lastfm.freetls.fastly.net/i/u/64s/2a96cbd8b46e442fc41c2b86b821562f.png
"Eminem, Big Sean & BabyTron",,"https://www.last.fm/music/Eminem,+Big+Sean+&+BabyTron",https://lastfm.freetls.fastly.net/i/u/34s/2a96cbd8b46e442fc41c2b86b821562f.png,https://lastfm.freetls.fastly.net/i/u/64s/2a96cbd8b46e442fc41c2b86b821562f.png
"Eminem, D12",,"https://www.last.fm/music/Eminem,+D12",,
"Eminem, Dr. Dre, Snoop Dogg, Xzibit, Nate Dogg",,"https://www.last.fm/music/Eminem,+Dr.+Dre,+Snoop+Dogg,+Xzibit,+Nate+Dogg",,
Eminem feat. Juice WRLD,,https://www.last.fm/music/Eminem+feat.+Juice+WRLD,,
"Logic, Eminem",,"https://www.last.fm/music/Logic,+Eminem",,
Eminem feat. Jessie Reyez,,https://www.last.fm/music/Eminem+feat.+Jessie+Reyez,https://lastfm.freetls.fastly.net/i/u/34s/2a96cbd8b46e442fc41c2b86b821562f.png,https://lastfm.freetls.fastly.net/i/u/64s/2a96cbd8b46e442fc41c2b86b821562f.png
